INSERT INTO configure.acceptance_grades (organism_kind,"action",warn,"general",normal,created_at,updated_at,is_default,grade) VALUES
	 ('microparticle_dot_5',3520,2816,1760,1760,'2024-05-24 14:37:21','2024-05-24 14:37:21',0,'A'),
	 ('microparticle_5',20,16,10,10,'2024-05-24 14:37:21','2024-05-24 14:37:21',0,'A'),
	 ('microparticle_dot_5',3520,2816,1760,1760,'2024-05-24 14:37:21','2024-05-24 14:37:21',0,'B'),
	 ('microparticle_5',29,24,15,15,'2024-05-24 14:37:21','2024-05-24 14:37:21',0,'B'),
	 ('suspended',10,NULL,5,5,'2024-05-24 14:37:21','2024-05-24 14:37:21',0,'B'),
	 ('falling',5,NULL,3,3,'2024-05-24 14:37:21','2024-05-24 14:37:21',0,'B'),
	 ('contact',5,NULL,3,3,'2024-05-24 14:37:21','2024-05-24 14:37:21',0,'B'),
	 ('microparticle_dot_5',352000,281600,176000,176000,'2024-05-24 14:37:21','2024-05-24 14:37:21',0,'C'),
	 ('microparticle_5',2930,2344,1465,1465,'2024-05-24 14:37:21','2024-05-24 14:37:21',0,'C'),
	 ('suspended',100,80,50,50,'2024-05-24 14:37:21','2024-05-24 14:37:21',0,'C');
INSERT INTO configure.acceptance_grades (organism_kind,"action",warn,"general",normal,created_at,updated_at,is_default,grade) VALUES
	 ('falling',50,40,25,25,'2024-05-24 14:37:21','2024-05-24 14:37:21',0,'C'),
	 ('contact',25,20,15,15,'2024-05-24 14:37:21','2024-05-24 14:37:21',0,'C'),
	 ('microparticle_dot_5',3520000,2816000,1760000,1760000,'2024-05-24 14:37:21','2024-05-24 14:37:21',0,'D'),
	 ('microparticle_5',29300,23440,14650,14650,'2024-05-24 14:37:21','2024-05-24 14:37:21',0,'D'),
	 ('suspended',200,160,100,100,'2024-05-24 14:37:21','2024-05-24 14:37:21',0,'D'),
	 ('falling',100,80,50,50,'2024-05-24 14:37:21','2024-05-24 14:37:21',0,'D'),
	 ('microparticle_dot_5',3520,2816,1760,1760,'2024-05-10 17:00:00','2024-05-10 17:00:00',1,'A'),
	 ('microparticle_5',20,16,10,10,'2024-05-10 17:00:00','2024-05-10 17:00:00',1,'A'),
	 ('suspended',1,NULL,NULL,NULL,'2024-05-10 17:00:00','2024-05-10 17:00:00',1,'A'),
	 ('falling',1,NULL,NULL,NULL,'2024-05-10 17:00:00','2024-05-10 17:00:00',1,'A');
INSERT INTO configure.acceptance_grades (organism_kind,"action",warn,"general",normal,created_at,updated_at,is_default,grade) VALUES
	 ('contact',1,NULL,NULL,NULL,'2024-05-10 17:00:00','2024-05-10 17:00:00',1,'A'),
	 ('microparticle_dot_5',3520,2816,1760,1760,'2024-05-10 17:00:00','2024-05-10 17:00:00',1,'B'),
	 ('microparticle_5',29,24,15,15,'2024-05-10 17:00:00','2024-05-10 17:00:00',1,'B'),
	 ('suspended',10,NULL,5,5,'2024-05-10 17:00:00','2024-05-10 17:00:00',1,'B'),
	 ('falling',5,NULL,3,3,'2024-05-10 17:00:00','2024-05-10 17:00:00',1,'B'),
	 ('contact',5,NULL,3,3,'2024-05-10 17:00:00','2024-05-10 17:00:00',1,'B'),
	 ('microparticle_dot_5',352000,281600,176000,176000,'2024-05-10 17:00:00','2024-05-10 17:00:00',1,'C'),
	 ('microparticle_5',2930,2344,1465,1465,'2024-05-10 17:00:00','2024-05-10 17:00:00',1,'C'),
	 ('suspended',100,80,50,50,'2024-05-10 17:00:00','2024-05-10 17:00:00',1,'C'),
	 ('falling',50,40,25,25,'2024-05-10 17:00:00','2024-05-10 17:00:00',1,'C');
INSERT INTO configure.acceptance_grades (organism_kind,"action",warn,"general",normal,created_at,updated_at,is_default,grade) VALUES
	 ('contact',25,20,15,15,'2024-05-10 17:00:00','2024-05-10 17:00:00',1,'C'),
	 ('microparticle_dot_5',3520000,2816000,1760000,1760000,'2024-05-10 17:00:00','2024-05-10 17:00:00',1,'D'),
	 ('microparticle_5',29300,23440,14650,14650,'2024-05-10 17:00:00','2024-05-10 17:00:00',1,'D'),
	 ('suspended',200,160,100,100,'2024-05-10 17:00:00','2024-05-10 17:00:00',1,'D'),
	 ('falling',100,80,50,50,'2024-05-10 17:00:00','2024-05-10 17:00:00',1,'D'),
	 ('contact',50,40,25,25,'2024-05-10 17:00:00','2024-05-10 17:00:00',1,'D'),
	 ('contact',50,40,25,25,'2024-05-24 14:37:21','2024-05-24 14:37:21',0,'D'),
	 ('suspended',100,80,50,50,'2024-05-24 14:37:21','2024-05-24 14:38:23',0,'A'),
	 ('falling',50,40,25,25,'2024-05-24 14:37:21','2024-05-24 14:38:23',0,'A'),
	 ('contact',25,20,13,13,'2024-05-24 14:37:21','2024-05-24 14:38:23',0,'A');
INSERT INTO configure.object_mgmt (obj_uid,obj_id,create_ts,update_ts,object_class,vendor) VALUES
	 ('31206da5d0fe960626de4a0e6d3929dfefc47777','MR003','2021-09-01 04:58:41.389772','2021-09-01 04:58:41.389772','AMDR','ITRI'),
	 ('75793c48c1538691665548fe7f7975da54f83a41','MR001','2021-09-01 04:54:04.782133','2023-03-19 07:32:38','AMDR','ITRI'),
	 ('59e8192d-ff5e-43fe-b5ab-80d9b06134a5','MR002','2023-06-16 09:58:49','2023-06-16 09:58:49','AMDR','ITRI');
INSERT INTO configure.object_port_mgmt (obj_id,obj_port_id,obj_port_index,prefer_obj_port_id) VALUES
	 ('MR001','MR001_SL001',NULL,NULL),
	 ('MR001','MR001_SL002',NULL,NULL),
	 ('MR001','MR001_SL003',NULL,NULL),
	 ('MR001','MR001_SL004',NULL,NULL),
	 ('MR001','MR001_SL005',NULL,NULL),
	 ('MR001','MR001_SL006',NULL,NULL),
	 ('MR002','SLOT1_MR002',1,NULL);
INSERT INTO configure.parameter_mgmt ("key",value,module_id,update_ts) VALUES
	 ('drive_away_timeout_sec','1','Traffic','2023-01-06 09:48:13.712809'),
	 ('path_comparing_gain','1.3','Traffic','2023-01-06 09:48:13.712809'),
	 ('disable_edges','0','Traffic','2023-03-10 12:22:43.128744'),
	 ('go_parking_after_idle_sec','4','ParkingScheduler','2023-03-22 09:53:49.673');
INSERT INTO configure.region_mgmt (region,created_at,img_height,img_width,mm,updated_at,project_name,undeploy_background_file_md5,edit_user_id,edited_at,resolution,origin_x,origin_y,yaw,route_id,origin_start_direction,undeploy_route_file_md5,deploy_background_file_md5,deploy_route_file_md5,x_px,y_px,project_id,cad_width,cad_height,cleanliness_grade,floors,floor_region_mgmt_id) VALUES
	 ('B113_走廊','2023-12-12 17:00:00',1115,1723,0,'2024-07-02 18:19:38','53B','9e69e361e12ebf4e6fded5b74abe8a5c',NULL,NULL,0.05,0.0,0.0,NULL,NULL,1,'ca56a9d9a0815e378737c6ddb8b74cbb','9e69e361e12ebf4e6fded5b74abe8a5c','ca56a9d9a0815e378737c6ddb8b74cbb',1090,650,1,1723,1115,'A',NULL,1),
	 ('B113E內包裝室','2023-12-12 17:00:00',1115,1723,0,'2024-07-24 06:39:55','53B','b2e1e20be9a798a4e71edee0fed1ed83',NULL,NULL,0.05,0.0,0.0,NULL,NULL,1,'bd6ac3b3742db079d510ac2143233d6a','b2e1e20be9a798a4e71edee0fed1ed83','bd6ac3b3742db079d510ac2143233d6a',870,760,1,1723,1115,'A',NULL,1),
	 ('B113W','2023-12-12 17:00:00',1723,1115,0,'2024-08-01 11:19:03','53B','a7e213e4253daf1624d02732927e5771',NULL,NULL,0.05,0.0,0.0,NULL,NULL,1,'a51ed4c38d31fd1635b6fa8bbc02b9fe','a7e213e4253daf1624d02732927e5771','a51ed4c38d31fd1635b6fa8bbc02b9fe',1226,530,1,1115,1723,'A',NULL,1),
	 ('B113A','2023-12-12 17:00:00',1115,1723,0,'2025-03-17 10:19:54','53B','ce2320dea122057ee62f0a197f5e9a6d',NULL,NULL,0.05,0.0,0.0,NULL,NULL,1,'0f5bf6997e9796cabd69960264c44fc3','ce2320dea122057ee62f0a197f5e9a6d','0f5bf6997e9796cabd69960264c44fc3',1290,510,1,1723,1115,'A',NULL,1),
	 ('B113_E','2025-04-10 17:01:49',NULL,NULL,0,'2025-04-10 17:01:49','53B',NULL,NULL,NULL,0.05,0.0,0.0,NULL,NULL,1,NULL,NULL,NULL,NULL,NULL,1,NULL,NULL,NULL,NULL,NULL),
	 ('456','2025-05-23 16:32:13',NULL,NULL,0,'2025-05-23 16:32:13','53B',NULL,NULL,NULL,0.05,0.0,0.0,NULL,NULL,1,NULL,NULL,NULL,NULL,NULL,1,NULL,NULL,NULL,NULL,NULL),
	 ('V1','2025-06-11 15:04:54',NULL,NULL,0,'2025-06-11 15:04:54','53B',NULL,NULL,NULL,0.05,0.0,0.0,NULL,NULL,1,NULL,NULL,NULL,NULL,NULL,1,NULL,NULL,NULL,NULL,NULL),
	 ('B113_走廊','2025-04-10 17:01:50',NULL,NULL,0,'2025-04-10 17:01:50','53B',NULL,NULL,NULL,0.05,0.0,0.0,NULL,NULL,1,NULL,NULL,NULL,NULL,NULL,1,NULL,NULL,NULL,NULL,NULL),
	 ('B113_G','2025-04-10 17:01:50',NULL,NULL,0,'2025-04-10 17:01:50','53B',NULL,NULL,NULL,0.05,0.0,0.0,NULL,NULL,1,NULL,NULL,NULL,NULL,NULL,1,NULL,NULL,NULL,NULL,NULL),
	 ('B113_H','2025-04-10 17:01:50',NULL,NULL,0,'2025-04-10 17:01:50','53B',NULL,NULL,NULL,0.05,0.0,0.0,NULL,NULL,1,NULL,NULL,NULL,NULL,NULL,1,NULL,NULL,NULL,NULL,NULL);
INSERT INTO configure.region_mgmt (region,created_at,img_height,img_width,mm,updated_at,project_name,undeploy_background_file_md5,edit_user_id,edited_at,resolution,origin_x,origin_y,yaw,route_id,origin_start_direction,undeploy_route_file_md5,deploy_background_file_md5,deploy_route_file_md5,x_px,y_px,project_id,cad_width,cad_height,cleanliness_grade,floors,floor_region_mgmt_id) VALUES
	 ('B113_I','2025-04-10 17:01:50',NULL,NULL,0,'2025-04-10 17:01:50','53B',NULL,NULL,NULL,0.05,0.0,0.0,NULL,NULL,1,NULL,NULL,NULL,NULL,NULL,1,NULL,NULL,NULL,NULL,NULL),
	 ('測試','2025-07-11 10:18:45',NULL,NULL,0,'2025-07-11 10:18:45','53B',NULL,NULL,NULL,0.05,0.0,0.0,NULL,NULL,1,NULL,NULL,NULL,NULL,NULL,1,NULL,NULL,NULL,1,NULL),
	 ('B113C','2023-12-12 17:00:00',1115,1723,0,'2025-05-23 15:20:02','53B','14ca92c791796bd11acc81a1c1b2cbc7',NULL,NULL,0.05,0.0,0.0,NULL,NULL,1,'ab765640268c111a33a6881bdd35b3e6','14ca92c791796bd11acc81a1c1b2cbc7','ab765640268c111a33a6881bdd35b3e6',870,560,1,1723,1115,'A',NULL,1),
	 ('B113F備料室二','2023-12-12 17:00:00',1115,1723,0,'2024-08-01 11:16:59','53B','b21873133ed55c18ac541431ceb0439c',NULL,NULL,0.05,0.0,0.0,NULL,NULL,1,'d27533328ddee73d57fc4efa28f4fd80','b21873133ed55c18ac541431ceb0439c','d27533328ddee73d57fc4efa28f4fd80',1010,740,1,1723,1115,'A',NULL,1),
	 ('B113D品管室','2023-12-12 17:00:00',1723,1115,0,'2024-05-24 15:14:08','53B','736f80c7a5411b06c6b42edbd2971373',NULL,NULL,0.05,0.0,0.0,NULL,NULL,1,'2e325befcf1a61d1b53f1b82bfcf8382','736f80c7a5411b06c6b42edbd2971373','2e325befcf1a61d1b53f1b82bfcf8382',754,580,1,1115,1723,'A',NULL,1),
	 ('B113G製程室一','2023-12-12 17:00:00',1115,1723,0,'2025-05-23 13:46:10','53B','56b6635fd78da43e24a1f4505a04aef8',NULL,NULL,0.05,0.0,0.0,NULL,NULL,1,'0556758ca7f61b4d466903bfe999bfa3','56b6635fd78da43e24a1f4505a04aef8','0556758ca7f61b4d466903bfe999bfa3',1180,730,1,1723,1115,'A',NULL,1),
	 ('B113B製程室二','2023-12-12 17:00:00',1723,1115,0,'2025-05-26 10:21:16','53B','21e2ebea085681d2b73f7960718f337e',1,'2025-05-26 10:21:16',0.05,0.0,0.0,NULL,NULL,1,'3109dbf892e04de87e6af5f8b989f22f','21e2ebea085681d2b73f7960718f337e','3109dbf892e04de87e6af5f8b989f22f',1040,550,1,1115,1723,'A',NULL,1),
	 ('B113H廠內倉儲室','2023-12-12 17:00:00',1115,1723,0,'2024-04-01 10:14:44','53B','f5cb153e8fdf024f6dd8c977544f8797',NULL,NULL,0.05,0.0,0.0,NULL,NULL,1,'220a71dfc822c7daff7fdff98ca18cb2','f5cb153e8fdf024f6dd8c977544f8797','220a71dfc822c7daff7fdff98ca18cb2',1330,690,1,1723,1115,'A',NULL,1),
	 ('B113I緩衝室二','2023-12-12 17:00:00',1115,1723,0,'2024-04-01 10:14:44','53B','e686128a5f7fcf611a93b2ab0eafadc7',NULL,NULL,0.05,0.0,0.0,NULL,NULL,1,'d318f3beb1d4618c7a019217c566871c','e686128a5f7fcf611a93b2ab0eafadc7','d318f3beb1d4618c7a019217c566871c',1540,620,1,1723,1115,'A',NULL,1),
	 ('B113_1','2025-04-10 17:01:48',NULL,NULL,0,'2025-04-10 17:01:48','53B',NULL,NULL,NULL,0.05,0.0,0.0,NULL,NULL,1,NULL,NULL,NULL,NULL,NULL,1,NULL,NULL,NULL,NULL,NULL);
INSERT INTO configure.region_mgmt (region,created_at,img_height,img_width,mm,updated_at,project_name,undeploy_background_file_md5,edit_user_id,edited_at,resolution,origin_x,origin_y,yaw,route_id,origin_start_direction,undeploy_route_file_md5,deploy_background_file_md5,deploy_route_file_md5,x_px,y_px,project_id,cad_width,cad_height,cleanliness_grade,floors,floor_region_mgmt_id) VALUES
	 ('B113_D','2025-04-10 17:01:49',NULL,NULL,0,'2025-04-10 17:01:49','53B',NULL,NULL,NULL,0.05,0.0,0.0,NULL,NULL,1,NULL,NULL,NULL,NULL,NULL,1,NULL,NULL,NULL,NULL,NULL),
	 ('B113_C','2025-04-10 17:01:49',NULL,NULL,0,'2025-04-10 17:01:49','53B',NULL,NULL,NULL,0.05,0.0,0.0,NULL,NULL,1,NULL,NULL,NULL,NULL,NULL,1,NULL,NULL,NULL,NULL,NULL),
	 ('B113_B','2025-04-10 17:01:48',NULL,NULL,0,'2025-04-10 17:01:48','53B',NULL,NULL,NULL,0.05,0.0,0.0,NULL,NULL,1,NULL,NULL,NULL,NULL,NULL,1,NULL,NULL,NULL,NULL,NULL),
	 ('20240924-big map','2025-04-10 17:01:48',NULL,NULL,0,'2025-04-10 17:01:48','53B',NULL,NULL,NULL,0.05,0.0,0.0,NULL,NULL,1,NULL,NULL,NULL,NULL,NULL,1,NULL,NULL,NULL,NULL,NULL),
	 ('Charge and Home','2025-04-10 17:01:48',NULL,NULL,0,'2025-04-10 17:01:48','53B',NULL,NULL,NULL,0.05,0.0,0.0,NULL,NULL,1,NULL,NULL,NULL,NULL,NULL,1,NULL,NULL,NULL,NULL,NULL),
	 ('22LAB_195A','2025-04-10 17:01:48',NULL,NULL,0,'2025-04-10 17:01:48','53B',NULL,NULL,NULL,0.05,0.0,0.0,NULL,NULL,1,NULL,NULL,NULL,NULL,NULL,1,NULL,NULL,NULL,NULL,NULL),
	 ('B113_F','2025-04-10 17:01:49',NULL,NULL,0,'2025-04-10 17:01:49','53B',NULL,NULL,NULL,0.05,0.0,0.0,NULL,NULL,1,NULL,NULL,NULL,NULL,NULL,1,NULL,NULL,NULL,NULL,NULL),
	 ('20241118_B5201','2025-04-10 17:01:51',NULL,NULL,0,'2025-04-10 17:01:51','53B',NULL,NULL,NULL,0.05,0.0,0.0,NULL,NULL,1,NULL,NULL,NULL,NULL,NULL,1,NULL,NULL,NULL,NULL,NULL),
	 ('Test solomon','2025-04-10 17:01:51',NULL,NULL,0,'2025-04-10 17:01:51','53B',NULL,NULL,NULL,0.05,0.0,0.0,NULL,NULL,1,NULL,NULL,NULL,NULL,NULL,1,NULL,NULL,NULL,NULL,NULL),
	 ('123','2025-04-10 17:01:52',NULL,NULL,0,'2025-04-10 17:01:52','53B',NULL,NULL,NULL,0.05,0.0,0.0,NULL,NULL,1,NULL,NULL,NULL,NULL,NULL,1,NULL,NULL,NULL,NULL,NULL);
INSERT INTO configure.region_mgmt (region,created_at,img_height,img_width,mm,updated_at,project_name,undeploy_background_file_md5,edit_user_id,edited_at,resolution,origin_x,origin_y,yaw,route_id,origin_start_direction,undeploy_route_file_md5,deploy_background_file_md5,deploy_route_file_md5,x_px,y_px,project_id,cad_width,cad_height,cleanliness_grade,floors,floor_region_mgmt_id) VALUES
	 ('ConfigurationMap','2025-04-10 17:01:48',NULL,NULL,0,'2025-07-11 10:18:36','53B',NULL,NULL,NULL,0.05,-12.5,-12.5,NULL,NULL,1,NULL,NULL,NULL,NULL,NULL,1,NULL,NULL,NULL,NULL,NULL),
	 ('test123','2025-07-11 10:18:44',NULL,NULL,0,'2025-07-11 10:18:44','53B',NULL,NULL,NULL,0.05,0.0,0.0,NULL,NULL,1,NULL,NULL,NULL,NULL,NULL,1,NULL,NULL,NULL,1,NULL),
	 ('B1','2023-11-14 17:40:00',950,1690,1,'2025-07-11 10:18:45','53B','7b658a6fff2ebe9e1edd4ec3d120da75',NULL,NULL,0.05,0.0,0.0,NULL,NULL,1,'e57fab9d8ebf885e2447244dd5cc571c','7b658a6fff2ebe9e1edd4ec3d120da75','e57fab9d8ebf885e2447244dd5cc571c',NULL,NULL,1,1723,1115,NULL,5,NULL),
	 ('hfghfghfgh','2025-07-11 10:18:45',NULL,NULL,0,'2025-07-11 10:18:45','53B',NULL,NULL,NULL,0.05,0.0,0.0,NULL,NULL,1,NULL,NULL,NULL,NULL,NULL,1,NULL,NULL,NULL,1,NULL),
	 ('26','2025-07-11 10:18:45',NULL,NULL,0,'2025-07-11 10:18:45','53B',NULL,NULL,NULL,0.05,0.0,0.0,NULL,NULL,1,NULL,NULL,NULL,NULL,NULL,1,NULL,NULL,NULL,1,NULL),
	 ('qq2_test','2025-07-11 10:18:45',NULL,NULL,0,'2025-07-11 10:18:45','53B',NULL,NULL,NULL,0.05,0.0,0.0,NULL,NULL,1,NULL,NULL,NULL,NULL,NULL,1,NULL,NULL,NULL,1,NULL),
	 ('qq2test','2025-07-11 10:18:45',NULL,NULL,0,'2025-07-11 10:18:45','53B',NULL,NULL,NULL,0.05,0.0,0.0,NULL,NULL,1,NULL,NULL,NULL,NULL,NULL,1,NULL,NULL,NULL,1,NULL),
	 ('TEST_20240528','2025-07-11 10:18:45',NULL,NULL,0,'2025-07-11 10:18:45','53B',NULL,NULL,NULL,0.05,0.0,0.0,NULL,NULL,1,NULL,NULL,NULL,NULL,NULL,1,NULL,NULL,NULL,1,NULL),
	 ('TTT','2025-07-11 10:18:45',NULL,NULL,0,'2025-07-11 10:18:45','53B',NULL,NULL,NULL,0.05,0.0,0.0,NULL,NULL,1,NULL,NULL,NULL,NULL,NULL,1,NULL,NULL,NULL,1,NULL),
	 ('ttts','2025-07-11 10:18:45',NULL,NULL,0,'2025-07-11 10:18:45','53B',NULL,NULL,NULL,0.05,0.0,0.0,NULL,NULL,1,NULL,NULL,NULL,NULL,NULL,1,NULL,NULL,NULL,1,NULL);
INSERT INTO configure.region_mgmt (region,created_at,img_height,img_width,mm,updated_at,project_name,undeploy_background_file_md5,edit_user_id,edited_at,resolution,origin_x,origin_y,yaw,route_id,origin_start_direction,undeploy_route_file_md5,deploy_background_file_md5,deploy_route_file_md5,x_px,y_px,project_id,cad_width,cad_height,cleanliness_grade,floors,floor_region_mgmt_id) VALUES
	 ('11C08-B','2025-07-11 10:18:45',NULL,NULL,0,'2025-07-11 10:18:45','53B',NULL,NULL,NULL,0.05,0.0,0.0,NULL,NULL,1,NULL,NULL,NULL,NULL,NULL,1,NULL,NULL,NULL,1,NULL),
	 ('11C08_B_20250611','2025-07-11 10:18:45',NULL,NULL,0,'2025-07-11 10:18:45','53B',NULL,NULL,NULL,0.05,0.0,0.0,NULL,NULL,1,NULL,NULL,NULL,NULL,NULL,1,NULL,NULL,NULL,1,NULL),
	 ('11C08B_20250611_V1','2025-07-11 10:18:45',NULL,NULL,0,'2025-07-11 10:18:45','53B',NULL,NULL,NULL,0.05,0.0,0.0,NULL,NULL,1,NULL,NULL,NULL,NULL,NULL,1,NULL,NULL,NULL,1,NULL),
	 ('auromation','2025-07-18 14:58:19',NULL,NULL,0,'2025-07-18 14:58:19','53B',NULL,NULL,NULL,0.05,0.0,0.0,NULL,NULL,1,NULL,NULL,NULL,NULL,NULL,1,NULL,NULL,NULL,1,NULL),
	 ('auto show','2025-07-18 14:58:19',NULL,NULL,0,'2025-07-18 14:58:19','53B',NULL,NULL,NULL,0.05,0.0,0.0,NULL,NULL,1,NULL,NULL,NULL,NULL,NULL,1,NULL,NULL,NULL,1,NULL);
INSERT INTO configure.scheduled_mission (create_ts,mission_id,mission_type,system_id,years,"month",week,"day",hours,minutes,"parameter") VALUES
	 ('2023-10-18 15:00:00','22001733-3e06-4cd9-9af6-56052a1b8975','go_breaking','MR001','2023','1','3','2','04','05',NULL);
INSERT INTO configure.station_mgmt (station_id,vertex_name,device_name,station_group,"enable",bypass,vertex_id) VALUES
	 ('AAA_STATION_02','STATION_02_AAA','STATION_02_AAA','Blue,Red',false,false,NULL),
	 ('AAA_STATION_03','STATION_03_AAA','STATION_03_AAA','Blue,Red',false,false,NULL),
	 ('JIM1','JIM1','JIM1','Red',true,true,NULL),
	 ('AAA_STATION_04','STATION_04_AAA','STATION_04_AAA','Blue',true,false,NULL),
	 ('ST002','STATION_02_TEST_HAS_IMAGE','ST002','Red',true,true,NULL),
	 ('ST001','STATION_01_TEST_HAS_IMAGE','STATION_01_TEST_HAS_IMAGE','Blue',true,true,NULL),
	 ('ST003','STATION_03_TEST_HAS_IMAGE','STATION_03_TEST_HAS_IMAGE','Blue',true,true,NULL),
	 ('JIM2','STATION_04_AAA','STATION_04_AAA','Red,Blue',true,true,NULL);
INSERT INTO configure.station_scheduler ("index",station_id,vertex_name,station_group,is_load) VALUES
	 (1,'AAA_STATION_02','STATION_02_AAA','Blue',false);
INSERT INTO configure.vehicle_mgmt (vehicle_id,carrier_class,slot_num,battery_threshold_full,battery_threshold_high,battery_threshold_low,macaddr,ipaddr,vehicle_type,width_meter,length_meter,chargeable,load_unload_timeout_min,"group",assign_switch,low_speed,normal_speed,high_speed,front_safe_distance_value,signal_tower_sound_state,color,stoppable_second,position_x,position_y,theta) VALUES
	 ('MR003',NULL,3,80,40,20,'1a:20:c5:27:d1:aa','192.168.10.3/32','agv',1.3,0.9,1,2500,'Red','AUTO',23.2,12.0,56.0,NULL,'mute','#87BD07',5,NULL,NULL,NULL),
	 ('MR002',NULL,1,70,50,20,NULL,NULL,'agv',1.3,0.9,0,3000,'Red','AUTO',NULL,200.0,300.0,NULL,'reduction','#f3ff47',6,NULL,NULL,NULL),
	 ('MR001','FOUP',1,80,50,20,'b2:97:5f:c9:a6:bf','192.168.99.1/32','agv',1.4,1.0,1,3000,'Blue','AUTO',100.0,200.0,300.0,3.5,'reduction','#AFA4D1',5,435.0,479.0,NULL);
INSERT INTO configure.vendor_mgmt (vendor,vendor_vat,vendor_support,deleted_at) VALUES
	 ('ITRI','02750963','NA',NULL),
	 ('RushTech','90558409','06271839','2024-01-16 10:00:37');
